[
    {
      "region": "ILE DE FRANCE",
      "code_region": "11",
      "nombre_de_points_de_charge_accessibles_au_public": 4769
    },
    {
      "region": "CENTRE VAL DE LOIRE",
      "code_region": "24",
      "nombre_de_points_de_charge_accessibles_au_public": 1571
    },
    {
      "region": "BOURGOGNE FRANCHE COMTÉ",
      "code_region": "27",
      "nombre_de_points_de_charge_accessibles_au_public": 1301
    },
    {
      "region": "NORMANDIE",
      "code_region": "28",
      "nombre_de_points_de_charge_accessibles_au_public": 2314
    },
    {
      "region": "HAUTS DE FRANCE",
      "code_region": "32",
      "nombre_de_points_de_charge_accessibles_au_public": 3227
    },
    {
      "region": "GRAND-EST",
      "code_region": "44",
      "nombre_de_points_de_charge_accessibles_au_public": 2306
    },
    {
      "region": "PAYS DE LA LOIRE",
      "code_region": "52",
      "nombre_de_points_de_charge_accessibles_au_public": 1559
    },
    {
      "region": "BRETAGNE",
      "code_region": "53",
      "nombre_de_points_de_charge_accessibles_au_public": 1821
    },
    {
      "region": "NOUVELLE-AQUITAINE",
      "code_region": "75",
      "nombre_de_points_de_charge_accessibles_au_public": 3504
    },
    {
      "region": "OCCITANIE",
      "code_region": "76",
      "nombre_de_points_de_charge_accessibles_au_public": 3677
    },
    {
      "region": "AUVERGNE RHONE ALPES",
      "code_region": "84",
      "nombre_de_points_de_charge_accessibles_au_public": 3656
    },
    {
      "region": "PROVENCE ALPES COTE D AZUR",
      "code_region": "93",
      "nombre_de_points_de_charge_accessibles_au_public": 2542
    }
  ]
  